139.99.102.114,80,SG,Singapore,anonymous,no,yes,7 seconds ago
45.12.186.162,3127,FR,France,anonymous,no,yes,7 seconds ago
193.56.255.180,3128,SG,Singapore,elite proxy,no,yes,15 seconds ago
161.202.226.194,80,JP,Japan,elite proxy,no,yes,15 seconds ago
5.252.161.48,8080,GB,United Kingdom,anonymous,no,no,15 seconds ago
51.75.147.33,3128,FR,France,anonymous,no,yes,15 seconds ago
162.214.92.202,80,US,United States,elite proxy,no,no,15 seconds ago
185.198.188.55,8080,GB,United Kingdom,anonymous,no,yes,15 seconds ago
89.221.223.204,80,CZ,Czech Republic,elite proxy,no,no,15 seconds ago
46.21.153.16,3128,US,United States,elite proxy,no,yes,15 seconds ago
91.132.139.177,3128,AT,Austria,elite proxy,no,yes,15 seconds ago
46.102.153.48,3128,AU,Australia,elite proxy,no,yes,15 seconds ago
182.253.168.161,8080,ID,Indonesia,elite proxy,no,yes,15 seconds ago
191.101.39.154,80,SG,Singapore,anonymous,no,no,15 seconds ago
12.186.206.85,80,US,United States,anonymous,no,no,15 seconds ago
18.207.160.125,80,US,United States,anonymous,no,no,15 seconds ago
154.16.63.16,3128,GB,United Kingdom,anonymous,no,no,15 seconds ago
122.15.211.125,80,IN,India,anonymous,no,no,15 seconds ago
208.80.28.208,8080,US,United States,elite proxy,no,yes,15 seconds ago
122.15.211.124,80,IN,India,anonymous,no,no,15 seconds ago
159.65.171.69,80,US,United States,elite proxy,no,no,15 seconds ago
179.96.28.58,80,BR,Brazil,elite proxy,no,yes,15 seconds ago
47.90.206.123,3128,US,United States,elite proxy,no,yes,15 seconds ago
190.210.8.69,8080,AR,Argentina,transparent,no,no,15 seconds ago
103.80.61.79,8080,IN,India,elite proxy,no,yes,15 seconds ago
34.203.142.175,80,US,United States,elite proxy,no,no,15 seconds ago
193.239.86.248,3128,HK,Hong Kong,elite proxy,no,yes,15 seconds ago
191.101.39.81,80,SG,Singapore,anonymous,no,no,15 seconds ago
67.43.239.169,3128,CA,Canada,elite proxy,no,yes,15 seconds ago
5.189.133.231,80,DE,Germany,elite proxy,no,no,15 seconds ago
87.172.56.76,8080,DE,Germany,elite proxy,no,no,15 seconds ago
74.143.245.221,80,US,United States,anonymous,no,no,15 seconds ago
149.100.165.85,8080,US,United States,elite proxy,no,yes,15 seconds ago
136.233.215.136,80,IN,India,anonymous,no,no,15 seconds ago
51.158.165.18,8811,FR,France,anonymous,no,yes,15 seconds ago
103.134.168.180,80,BD,Bangladesh,elite proxy,no,no,15 seconds ago
14.99.225.209,80,IN,India,anonymous,no,no,15 seconds ago
14.99.225.212,80,IN,India,anonymous,no,no,15 seconds ago
14.99.225.208,80,IN,India,anonymous,no,no,15 seconds ago
193.239.86.137,3128,HK,Hong Kong,elite proxy,no,yes,15 seconds ago
51.158.180.179,8811,FR,France,anonymous,no,yes,15 seconds ago
47.75.90.57,80,HK,Hong Kong,anonymous,no,no,15 seconds ago
103.19.198.86,80,IN,India,elite proxy,no,no,15 seconds ago
144.217.101.245,3129,CA,Canada,elite proxy,no,yes,15 seconds ago
51.158.119.88,8811,FR,France,anonymous,no,yes,15 seconds ago
46.4.96.137,3128,DE,Germany,anonymous,no,no,15 seconds ago
185.198.188.53,8080,GB,United Kingdom,anonymous,no,yes,15 seconds ago
37.49.127.227,8080,DE,Germany,anonymous,no,no,15 seconds ago
88.198.50.103,8080,DE,Germany,anonymous,no,no,15 seconds ago
157.230.103.189,36366,DE,Germany,elite proxy,no,yes,15 seconds ago
138.68.60.8,8080,US,United States,anonymous,no,no,15 seconds ago
185.236.202.170,3128,AT,Austria,elite proxy,no,yes,15 seconds ago
191.96.71.118,3128,BR,Brazil,anonymous,no,no,15 seconds ago
209.97.150.167,8080,US,United States,anonymous,no,no,15 seconds ago
159.203.61.169,8080,CA,Canada,anonymous,no,no,15 seconds ago
102.129.249.120,8080,ZA,South Africa,anonymous,no,no,15 seconds ago
154.16.202.22,8080,DE,Germany,anonymous,no,no,15 seconds ago
161.35.70.249,3128,DE,Germany,anonymous,no,no,15 seconds ago
191.96.42.80,8080,US,United States,anonymous,no,no,15 seconds ago
198.199.86.11,3128,US,United States,anonymous,no,no,15 seconds ago
139.162.78.109,8080,JP,Japan,anonymous,no,no,15 seconds ago
136.243.254.196,80,DE,Germany,anonymous,no,no,15 seconds ago
103.134.168.16,80,BD,Bangladesh,elite proxy,no,no,15 seconds ago
79.110.52.252,3128,NL,Netherlands,elite proxy,no,yes,15 seconds ago
3.9.163.219,80,GB,United Kingdom,elite proxy,no,no,15 seconds ago
20.50.107.111,80,GB,United Kingdom,anonymous,no,no,15 seconds ago
193.29.104.90,3128,FR,France,elite proxy,no,yes,15 seconds ago
89.249.65.191,3128,DE,Germany,elite proxy,no,yes,15 seconds ago
136.233.215.137,80,IN,India,anonymous,no,no,15 seconds ago
89.249.67.57,3128,GB,United Kingdom,elite proxy,no,yes,15 seconds ago
136.233.215.142,80,IN,India,anonymous,no,no,15 seconds ago
14.97.2.104,80,IN,India,anonymous,no,no,15 seconds ago
94.28.213.254,53281,RU,Russian Federation,elite proxy,no,yes,15 seconds ago
14.97.2.107,80,IN,India,anonymous,no,no,15 seconds ago
176.9.75.42,8080,DE,Germany,anonymous,no,no,15 seconds ago
176.9.119.170,8080,DE,Germany,anonymous,no,no,15 seconds ago
80.48.119.28,8080,PL,Poland,elite proxy,no,no,15 seconds ago
47.90.251.98,3128,US,United States,elite proxy,no,yes,1 minute ago
150.107.207.137,61954,NP,Nepal,elite proxy,no,yes,1 minute ago
45.12.186.53,3128,FR,France,elite proxy,no,yes,3 minutes ago
63.249.67.70,53281,US,United States,anonymous,no,yes,3 minutes ago
182.253.172.18,8080,ID,Indonesia,elite proxy,no,yes,3 minutes ago
104.198.108.238,8080,US,United States,anonymous,no,yes,3 minutes ago
82.99.217.18,8080,IR,Iran,elite proxy,no,yes,3 minutes ago
77.77.215.6,8080,BA,Bosnia and Herzegovina,elite proxy,no,yes,3 minutes ago
193.56.255.179,3128,SG,Singapore,elite proxy,no,yes,3 minutes ago
172.104.160.11,8889,SG,Singapore,elite proxy,no,no,3 minutes ago
185.189.112.157,3128,DE,Germany,elite proxy,no,yes,3 minutes ago
89.45.4.138,3128,US,United States,elite proxy,no,yes,3 minutes ago
185.245.84.131,3128,DK,Denmark,elite proxy,no,yes,3 minutes ago
192.46.215.101,8080,IN,India,anonymous,no,no,3 minutes ago
185.189.112.133,3128,DE,Germany,elite proxy,no,yes,3 minutes ago
187.243.255.174,8080,MX,Mexico,elite proxy,no,yes,3 minutes ago
161.202.110.154,12345,JP,Japan,elite proxy,no,yes,3 minutes ago
193.239.86.249,3128,HK,Hong Kong,elite proxy,no,yes,3 minutes ago
109.73.13.132,34693,RU,Russian Federation,anonymous,no,yes,3 minutes ago
185.236.203.156,3128,DK,Denmark,elite proxy,no,yes,3 minutes ago
51.158.68.68,8811,FR,France,anonymous,no,yes,3 minutes ago
45.79.23.35,3128,US,United States,anonymous,no,no,3 minutes ago
37.120.222.132,3128,DE,Germany,elite proxy,no,yes,3 minutes ago
45.33.89.175,8080,US,United States,anonymous,no,no,3 minutes ago
201.182.214.101,8080,BR,Brazil,level3,no,no,5 minutes ago
177.73.44.169,8080,BR,Brazil,transparent,no,no,6 minutes ago
197.245.230.122,41026,ZA,South Africa,transparent,no,no,6 minutes ago
200.50.167.67,8080,AR,Argentina,level3,no,no,10 minutes ago
176.235.80.110,9090,TR,Turkey,level3,no,no,10 minutes ago
45.179.245.1,999,CO,Colombia,level3,no,no,10 minutes ago
201.168.210.126,8080,MX,Mexico,level3,no,no,10 minutes ago
169.239.92.1,8080,LY,Libya,level3,no,no,10 minutes ago
213.108.200.170,8080,RU,Russian Federation,level3,no,no,10 minutes ago
103.134.220.16,8080,ID,Indonesia,level3,no,no,10 minutes ago
103.219.112.178,8080,ID,Indonesia,level3,no,no,10 minutes ago
185.142.67.23,8080,RU,Russian Federation,elite proxy,no,no,10 minutes ago
122.254.82.103,8080,NP,Nepal,elite proxy,no,no,10 minutes ago
178.219.175.128,59064,UA,Ukraine,elite proxy,no,no,10 minutes ago
91.226.5.245,57882,UA,Ukraine,elite proxy,no,no,10 minutes ago
113.11.20.51,8080,BD,Bangladesh,elite proxy,no,no,10 minutes ago
187.216.93.20,55443,MX,Mexico,elite proxy,no,no,10 minutes ago
187.243.253.2,8080,MX,Mexico,elite proxy,no,no,10 minutes ago
59.125.123.129,81,TW,Taiwan,anonymous,no,no,10 minutes ago
45.12.186.127,3128,FR,France,elite proxy,no,no,10 minutes ago
191.100.20.187,8080,EC,Ecuador,elite proxy,no,yes,10 minutes ago
200.73.129.128,8080,AR,Argentina,anonymous,no,yes,10 minutes ago
139.162.1.237,80,SG,Singapore,elite proxy,no,yes,10 minutes ago
91.107.26.202,8080,RU,Russian Federation,elite proxy,no,yes,10 minutes ago
180.183.128.125,3128,TH,Thailand,elite proxy,no,yes,10 minutes ago
181.143.106.162,52151,CO,Colombia,anonymous,no,yes,11 minutes ago
118.172.181.147,34388,TH,Thailand,elite proxy,no,yes,11 minutes ago
210.48.204.134,46669,MY,Malaysia,elite proxy,no,yes,11 minutes ago
213.192.25.241,57414,CZ,Czech Republic,elite proxy,no,yes,11 minutes ago
186.159.3.41,30334,CO,Colombia,elite proxy,no,no,12 minutes ago
41.60.237.22,8080,KE,Kenya,elite proxy,no,yes,12 minutes ago
2.187.219.120,8080,IR,Iran,anonymous,no,yes,12 minutes ago
103.87.169.160,56642,IN,India,elite proxy,no,yes,12 minutes ago
111.235.65.211,45811,IN,India,transparent,no,no,12 minutes ago
161.97.82.152,80,DE,Germany,transparent,no,no,12 minutes ago
200.62.96.71,80,NI,Nicaragua,elite proxy,no,no,12 minutes ago
173.212.202.65,80,DE,Germany,elite proxy,no,no,12 minutes ago
193.56.255.181,3128,SG,Singapore,elite proxy,no,yes,12 minutes ago
5.38.132.145,8080,HU,Hungary,elite proxy,no,yes,12 minutes ago
185.198.188.51,8080,GB,United Kingdom,anonymous,no,yes,12 minutes ago
185.198.188.52,8080,GB,United Kingdom,anonymous,no,yes,12 minutes ago
89.221.223.234,80,CZ,Czech Republic,elite proxy,no,no,12 minutes ago
103.134.168.81,80,BD,Bangladesh,elite proxy,no,no,12 minutes ago
185.198.188.48,8080,GB,United Kingdom,anonymous,no,yes,12 minutes ago
167.172.109.12,36457,DE,Germany,elite proxy,no,yes,12 minutes ago
51.158.172.165,8811,FR,France,anonymous,no,yes,12 minutes ago
185.198.188.49,8080,GB,United Kingdom,anonymous,no,yes,12 minutes ago
185.198.188.54,8080,GB,United Kingdom,anonymous,no,yes,12 minutes ago
103.146.17.97,80,BD,Bangladesh,elite proxy,no,no,12 minutes ago
191.242.179.138,3128,BR,Brazil,anonymous,no,yes,12 minutes ago
177.200.66.193,8080,BR,Brazil,elite proxy,no,yes,12 minutes ago
149.255.36.145,3128,US,United States,elite proxy,no,yes,12 minutes ago
52.69.19.32,80,JP,Japan,anonymous,no,yes,13 minutes ago
119.82.253.123,36169,KH,Cambodia,elite proxy,no,yes,13 minutes ago
116.0.3.140,8080,ID,Indonesia,anonymous,no,yes,13 minutes ago
139.162.41.219,8889,SG,Singapore,elite proxy,no,yes,13 minutes ago
47.252.2.164,3128,US,United States,elite proxy,no,yes,13 minutes ago
110.74.208.154,21776,KH,Cambodia,elite proxy,no,yes,13 minutes ago
139.99.105.5,80,SG,Singapore,anonymous,no,yes,13 minutes ago
185.236.202.168,3128,AT,Austria,elite proxy,no,yes,13 minutes ago
37.187.19.70,80,FR,France,elite proxy,no,no,14 minutes ago
103.250.166.4,6666,IN,India,elite proxy,no,no,14 minutes ago
34.218.177.123,80,US,United States,elite proxy,no,no,14 minutes ago
78.47.16.54,80,DE,Germany,anonymous,no,no,14 minutes ago
170.81.141.37,53281,MX,Mexico,transparent,no,no,15 minutes ago
45.175.182.22,8080,BR,Brazil,level3,no,no,15 minutes ago
103.250.153.203,8080,IN,India,level3,no,no,15 minutes ago
190.110.203.52,8080,EC,Ecuador,level3,no,no,15 minutes ago
93.145.17.218,8080,IT,Italy,level3,no,no,15 minutes ago
171.97.35.185,8080,TH,Thailand,level3,no,no,15 minutes ago
171.97.10.93,8080,TH,Thailand,level3,no,no,15 minutes ago
103.216.48.83,8080,KH,Cambodia,level3,no,no,15 minutes ago
115.84.99.182,51265,LA,Laos,transparent,no,no,18 minutes ago
190.171.168.90,999,CL,Chile,level3,no,no,19 minutes ago
64.227.34.103,8080,GB,United Kingdom,level3,no,no,19 minutes ago
134.209.29.120,8080,GB,United Kingdom,anonymous,no,no,20 minutes ago
192.109.165.129,80,DE,Germany,anonymous,no,no,20 minutes ago
191.101.39.27,80,SG,Singapore,anonymous,no,no,20 minutes ago
115.77.191.180,53281,VN,Vietnam,elite proxy,no,no,20 minutes ago
103.152.5.80,8080,ID,Indonesia,anonymous,no,yes,20 minutes ago
175.100.5.52,32721,KH,Cambodia,elite proxy,no,no,20 minutes ago
208.138.24.254,80,JM,Jamaica,elite proxy,no,no,20 minutes ago
193.29.104.185,3128,FR,France,elite proxy,no,yes,20 minutes ago
193.122.144.192,80,US,United States,elite proxy,no,no,20 minutes ago
46.209.63.177,3128,IR,Iran,elite proxy,no,no,20 minutes ago
177.244.36.134,8080,MX,Mexico,elite proxy,no,no,20 minutes ago
191.101.39.238,80,SG,Singapore,anonymous,no,no,20 minutes ago
193.239.86.247,3128,HK,Hong Kong,elite proxy,no,yes,20 minutes ago
139.5.29.97,39241,IN,India,elite proxy,no,no,20 minutes ago
103.134.168.154,80,BD,Bangladesh,elite proxy,no,no,20 minutes ago
14.99.225.213,80,IN,India,anonymous,no,no,20 minutes ago
49.204.79.81,80,IN,India,anonymous,no,no,20 minutes ago
136.233.215.139,80,IN,India,anonymous,no,no,20 minutes ago
139.59.1.14,8080,IN,India,anonymous,no,no,20 minutes ago
128.199.202.122,3128,SG,Singapore,anonymous,no,no,20 minutes ago
167.71.5.83,8080,NL,Netherlands,anonymous,no,no,20 minutes ago
185.236.203.208,3128,DK,Denmark,elite proxy,no,yes,20 minutes ago
195.206.106.186,3128,DE,Germany,elite proxy,no,yes,20 minutes ago
88.198.24.108,8080,DE,Germany,anonymous,no,no,20 minutes ago
103.122.90.181,53281,BD,Bangladesh,elite proxy,no,no,20 minutes ago
118.175.93.94,45175,TH,Thailand,transparent,no,no,21 minutes ago
185.202.165.1,53281,ES,Spain,transparent,no,no,21 minutes ago
129.146.112.125,80,US,United States,elite proxy,no,no,21 minutes ago
46.48.220.21,8080,RU,Russian Federation,anonymous,no,no,21 minutes ago
182.52.30.213,8080,TH,Thailand,anonymous,no,no,21 minutes ago
95.33.154.5,80,DE,Germany,elite proxy,no,no,21 minutes ago
178.66.182.76,3128,RU,Russian Federation,elite proxy,no,yes,21 minutes ago
103.87.171.254,50958,IN,India,elite proxy,no,yes,21 minutes ago
2.181.226.162,8080,IR,Iran,elite proxy,no,yes,21 minutes ago
3.17.223.220,8080,US,United States,anonymous,no,no,21 minutes ago
178.63.246.82,8118,DE,Germany,elite proxy,no,yes,21 minutes ago
185.236.203.209,3128,DK,Denmark,elite proxy,no,yes,21 minutes ago
194.183.168.129,31385,UA,Ukraine,elite proxy,no,no,21 minutes ago
37.120.140.158,3128,RO,Romania,elite proxy,no,yes,21 minutes ago
65.160.224.144,80,US,United States,anonymous,no,no,21 minutes ago
212.234.67.60,8080,FR,France,elite proxy,no,yes,21 minutes ago
45.130.229.230,443,DE,Germany,elite proxy,no,no,21 minutes ago
177.91.111.233,8080,BR,Brazil,elite proxy,no,no,21 minutes ago
104.196.34.208,8080,US,United States,anonymous,no,no,21 minutes ago
197.157.219.169,48625,NG,Nigeria,elite proxy,no,no,21 minutes ago
185.156.35.156,57367,PL,Poland,elite proxy,no,no,21 minutes ago
173.249.30.165,3128,DE,Germany,level3,no,no,21 minutes ago
124.219.176.139,39589,JP,Japan,elite proxy,no,no,21 minutes ago
185.18.212.227,3128,IR,Iran,elite proxy,no,yes,21 minutes ago
125.163.190.51,3128,ID,Indonesia,anonymous,no,yes,21 minutes ago
89.20.135.204,10000,RU,Russian Federation,anonymous,no,yes,22 minutes ago
172.104.56.66,8899,SG,Singapore,elite proxy,no,yes,23 minutes ago
185.99.212.229,8080,IR,Iran,level3,no,no,23 minutes ago
114.30.79.166,8080,IN,India,level3,no,no,23 minutes ago
41.59.254.175,80,TZ,Tanzania,anonymous,no,no,23 minutes ago
176.113.157.149,42850,UA,Ukraine,transparent,no,no,23 minutes ago
46.198.141.82,31870,GR,Greece,transparent,no,no,26 minutes ago
200.37.108.196,8080,PE,Peru,level3,no,no,28 minutes ago
119.42.86.127,80,TH,Thailand,level3,no,no,28 minutes ago
177.220.188.213,8080,BR,Brazil,level3,no,no,28 minutes ago
182.52.83.49,8080,TH,Thailand,level3,no,no,28 minutes ago
129.146.249.135,80,US,United States,elite proxy,no,yes,31 minutes ago
109.86.219.179,53438,UA,Ukraine,anonymous,no,yes,31 minutes ago
182.52.238.119,40456,TH,Thailand,anonymous,no,yes,31 minutes ago
103.60.187.129,57187,IN,India,elite proxy,no,yes,31 minutes ago
185.198.189.21,8080,GB,United Kingdom,anonymous,no,yes,31 minutes ago
89.250.221.106,53281,RU,Russian Federation,elite proxy,no,yes,31 minutes ago
203.176.135.98,52234,KH,Cambodia,elite proxy,no,yes,31 minutes ago
195.158.3.117,3128,UZ,Uzbekistan,elite proxy,no,yes,31 minutes ago
47.252.4.109,3128,US,United States,elite proxy,no,yes,31 minutes ago
159.89.221.73,3128,US,United States,anonymous,no,yes,31 minutes ago
37.120.192.154,8080,NL,Netherlands,anonymous,no,no,31 minutes ago
213.105.29.14,3128,GB,United Kingdom,anonymous,no,no,31 minutes ago
175.141.69.200,80,MY,Malaysia,anonymous,no,no,31 minutes ago
5.189.171.179,80,DE,Germany,elite proxy,no,no,31 minutes ago
150.109.32.166,80,HK,Hong Kong,anonymous,no,no,31 minutes ago
82.212.62.30,8080,DE,Germany,anonymous,no,no,31 minutes ago
69.65.65.178,58389,US,United States,elite proxy,no,no,31 minutes ago
200.60.124.109,8080,PE,Peru,level3,no,no,31 minutes ago
14.192.31.4,50838,IN,India,elite proxy,no,no,31 minutes ago
43.248.24.158,51166,ID,Indonesia,elite proxy,no,no,31 minutes ago
198.50.163.192,3129,CA,Canada,elite proxy,no,yes,31 minutes ago
89.47.120.66,8080,RO,Romania,elite proxy,no,no,32 minutes ago
89.40.48.186,8080,KZ,Kazakhstan,elite proxy,no,no,32 minutes ago
105.30.250.108,53281,ZA,South Africa,elite proxy,no,no,32 minutes ago
181.129.183.19,53281,CO,Colombia,elite proxy,no,no,32 minutes ago
200.122.70.19,8080,AR,Argentina,level3,no,no,36 minutes ago
177.223.50.6,8080,BR,Brazil,level3,no,no,36 minutes ago
191.242.230.135,8080,BR,Brazil,level3,no,no,36 minutes ago
194.44.199.242,8880,UA,Ukraine,level3,no,no,36 minutes ago
8.242.215.249,999,CO,Colombia,level3,no,no,36 minutes ago
175.101.80.136,8080,IN,India,level3,no,no,36 minutes ago
45.224.149.234,999,EC,Ecuador,level3,no,no,36 minutes ago
190.217.7.77,999,VE,Venezuela,level3,no,no,36 minutes ago
14.198.177.46,8080,HK,Hong Kong,level3,no,no,36 minutes ago
103.88.127.178,8080,IN,India,level3,no,no,36 minutes ago
61.8.78.130,8080,ID,Indonesia,level3,no,no,36 minutes ago
103.102.100.228,3128,IN,India,level3,no,no,36 minutes ago
103.25.155.113,83,IN,India,level3,no,no,36 minutes ago
18.233.119.46,80,US,United States,level3,no,no,38 minutes ago
190.14.254.182,999,CO,Colombia,level3,no,no,38 minutes ago
206.189.170.204,3128,US,United States,level3,no,no,38 minutes ago
118.99.104.150,8080,ID,Indonesia,level3,no,no,38 minutes ago
36.92.83.178,8080,ID,Indonesia,level3,no,no,38 minutes ago
159.192.97.80,43278,TH,Thailand,transparent,no,no,39 minutes ago
84.214.150.146,8080,NO,Norway,transparent,no,no,39 minutes ago
103.91.228.199,8080,BD,Bangladesh,transparent,no,no,39 minutes ago
103.199.84.122,8080,BD,Bangladesh,transparent,no,no,39 minutes ago
180.211.183.2,8080,BD,Bangladesh,transparent,no,no,39 minutes ago
103.79.117.130,8080,BD,Bangladesh,transparent,no,no,39 minutes ago
177.44.82.232,8080,BR,Brazil,transparent,no,no,39 minutes ago
102.141.197.17,8080,SO,Somalia,transparent,no,no,39 minutes ago
178.159.40.19,8080,RU,Russian Federation,transparent,no,no,39 minutes ago
45.7.132.194,999,CO,Colombia,transparent,no,no,39 minutes ago
91.93.163.189,8080,TR,Turkey,transparent,no,no,39 minutes ago
103.233.198.156,8081,JP,Japan,transparent,no,no,39 minutes ago
146.158.232.146,80,ES,Spain,transparent,no,no,39 minutes ago
181.78.3.6,999,CO,Colombia,transparent,no,no,39 minutes ago
217.219.172.13,8088,IR,Iran,transparent,no,no,39 minutes ago
91.234.127.222,53281,PL,Poland,transparent,no,no,39 minutes ago
212.129.29.139,80,FR,France,transparent,no,no,39 minutes ago
46.35.249.189,41419,RU,Russian Federation,transparent,no,no,39 minutes ago
101.255.125.10,8080,ID,Indonesia,transparent,no,no,39 minutes ago
146.196.110.134,8080,ID,Indonesia,transparent,no,no,39 minutes ago
